{"id":"/","name":"Care Academy","short_name":"Care","start_url":"/","scope":"/","display":"standalone","orientation":"portrait","theme_color":"#2563eb","background_color":"#131744","icons":[{"src":"/icons/icon-144.png","sizes":"159x159","type":"image/png","purpose":"any"},{"src":"/icons/icon-192.png","sizes":"192x192","type":"image/png","purpose":"maskable"},{"src":"/icons/icon-180.png","sizes":"180x180","type":"image/png","purpose":"any"},{"src":"/icons/icon-512-maskable.png","sizes":"512x512","type":"image/png","purpose":"maskable"}],"screenshots":[{"src":"/icons/home.png","sizes":"320x320","type":"image/png","form_factor":"narrow"},{"src":"/icons/desktop.png","sizes":"320x320","type":"image/png","form_factor":"wide"}]}